gender,Name,Age,occupation,location 
male,Alex,32,personal trainer,Virginia
male,Aaron,28,chef,Missouri
male,Jesse,34,IT analyst,Louisiana
male,Lorenzo,34,firefighter,Montana
male,Andy,30,plumber,Pennsylvania
male,Brad,35,off shoreman,Georgia
male,Matt ,27,palace guard,England
male,Jason,33,teacher,Ohio
male,Jake,32,club promoter,Massachusetts
male,Brad,35,carpenter,Idaho
male,Ben,28,Somelier,California
male,Sean,28,student,Texas
male,Juan Pablo,32,exotic car dealer,Florida
male,Chris,33,farmer,Iowa
male,Ben,26,craft brewer,Indiana
male,Nick,36,dairy farmer,Wisconsin"
