gender,name,age,occupation,location
Woman,Trista,30,Physical therapist,Indiana
Woman,Meredith,21,Makeup artist,Pennslyvania
Woman,Jennifer,28,Publicist,California
Woman,DeAnna,25,Real estate agent,Utah
Woman,Jillian,29,Interior designer,Canada
Woman,Ali,25,Advertising account manager,Massachusetts
Woman,Ashley,24,Dental student,California
Woman,Emily,20,Children's hospital event planner,North Carolina
Woman,Desiree,27,Bridal stylist,Colorado
Woman,Andi,26,Assistant District Attorney,Georgia
Woman,Kaitlyn,29,Dance Instructor,Canada
Woman,Joelene,25,Real Estate Developer,Texas"
Woman,Rachel,31,Attorney,New York
Woman,Sara,25,Teacher,New Jersey
Woman,Amber,32,Artist,Delaware
Woman,Seiko,29,Social Media Influencer,Wyoming
